[
{
  "model": "questionnaire.questionnaire",
  "pk": 1,
  "fields": {
    "name": "MDQ"
  }
},
{
  "model": "questionnaire.questionnaire",
  "pk": 2,
  "fields": {
    "name": "PHQ-9"
  }
},
{
  "model": "questionnaire.questionset",
  "pk": 1,
  "fields": {
    "questionnaire": 1,
    "ordinal": 0,
    "topic": "Has there ever been a period of time when you were not your usual self and...",
    "scored": true
  }
},
{
  "model": "questionnaire.questionset",
  "pk": 2,
  "fields": {
    "questionnaire": 1,
    "ordinal": 1,
    "topic": "",
    "scored": false
  }
},
{
  "model": "questionnaire.questionset",
  "pk": 3,
  "fields": {
    "questionnaire": 1,
    "ordinal": 2,
    "topic": "",
    "scored": false
  }
},
{
  "model": "questionnaire.questionset",
  "pk": 4,
  "fields": {
    "questionnaire": 2,
    "ordinal": 0,
    "topic": "Over the last 2 weeks, how often have you been bothered by any of the following problems?",
    "scored": true
  }
},
{
  "model": "questionnaire.questionset",
  "pk": 5,
  "fields": {
    "questionnaire": 2,
    "ordinal": 1,
    "topic": "",
    "scored": false
  }
},
{
  "model": "questionnaire.scoringflag",
  "pk": 2,
  "fields": {
    "questionnaire": 1,
    "expression": "score(1) >= 7 and answer(2, 1) == 1 and answer(3, 1) >= 2",
    "title": "Positive for possible bipolar disorder",
    "description": "Patient answered \"Yes\" to 7 or more questions in section 1, answered \"Yes\" to section 2 and answered \"Moderate problem\" or \"Serious problem\" to section 3"
  }
},
{
  "model": "questionnaire.scoringflag",
  "pk": 4,
  "fields": {
    "questionnaire": 2,
    "expression": "score(1)<=4",
    "title": "None-minimal",
    "description": "No treatment proposed"
  }
},
{
  "model": "questionnaire.scoringflag",
  "pk": 5,
  "fields": {
    "questionnaire": 2,
    "expression": "score(1)>=5 and score(1)<=9",
    "title": "Mild",
    "description": "Watchful waiting; repeat PHQ-9 at follow-up"
  }
},
{
  "model": "questionnaire.scoringflag",
  "pk": 6,
  "fields": {
    "questionnaire": 2,
    "expression": "score(1)>=10 and score(1)<=14",
    "title": "Moderate",
    "description": "Treatment plan, considering counseling, follow-up and/ore pharmacotherapy"
  }
},
{
  "model": "questionnaire.scoringflag",
  "pk": 7,
  "fields": {
    "questionnaire": 2,
    "expression": "score(1)>=15 and score(1)<=19",
    "title": "Moderately Severe",
    "description": "Active treatment with pharmacotherapy and/or psychotherapy"
  }
},
{
  "model": "questionnaire.scoringflag",
  "pk": 8,
  "fields": {
    "questionnaire": 2,
    "expression": "score(1)>=20",
    "title": "Severe",
    "description": "Immediate initiation of pharmacotherapy and, if severe impairment or poor response to therapy, expedited referral to a mental health specialist for psychotherapy and/or collaborative management"
  }
},
{
  "model": "questionnaire.question",
  "pk": 1,
  "fields": {
    "questionSet": 1,
    "ordinal": 0,
    "text": "...you felt so good or so hyper that other people thought you were not your normal self or you were so hyper that you got into trouble?"
  }
},
{
  "model": "questionnaire.question",
  "pk": 2,
  "fields": {
    "questionSet": 1,
    "ordinal": 1,
    "text": "...you were so irritable that you shouted at people or started fights or arguments?"
  }
},
{
  "model": "questionnaire.question",
  "pk": 3,
  "fields": {
    "questionSet": 1,
    "ordinal": 2,
    "text": "...you felt much more self-confident than usual?"
  }
},
{
  "model": "questionnaire.question",
  "pk": 4,
  "fields": {
    "questionSet": 1,
    "ordinal": 3,
    "text": "...you got much less sleep than usual and found that you didn't really miss it?"
  }
},
{
  "model": "questionnaire.question",
  "pk": 5,
  "fields": {
    "questionSet": 1,
    "ordinal": 4,
    "text": "...you were more talkative or spoke much faster than usual?"
  }
},
{
  "model": "questionnaire.question",
  "pk": 6,
  "fields": {
    "questionSet": 1,
    "ordinal": 5,
    "text": "...thoughts raced through your head or you couldn't slow your mind down?"
  }
},
{
  "model": "questionnaire.question",
  "pk": 7,
  "fields": {
    "questionSet": 1,
    "ordinal": 6,
    "text": "...you were so easily distracted by things around you that you had trouble concentrating or staying on track?"
  }
},
{
  "model": "questionnaire.question",
  "pk": 8,
  "fields": {
    "questionSet": 1,
    "ordinal": 7,
    "text": "...you had more energy than usual?"
  }
},
{
  "model": "questionnaire.question",
  "pk": 9,
  "fields": {
    "questionSet": 1,
    "ordinal": 8,
    "text": "...you were much more active or did many more things than usual?"
  }
},
{
  "model": "questionnaire.question",
  "pk": 10,
  "fields": {
    "questionSet": 1,
    "ordinal": 9,
    "text": "...you were much more social or outgoing than usual, for example you telephoned friends in the middle of the night?"
  }
},
{
  "model": "questionnaire.question",
  "pk": 11,
  "fields": {
    "questionSet": 1,
    "ordinal": 10,
    "text": "...you were much more interested in sex than usual?"
  }
},
{
  "model": "questionnaire.question",
  "pk": 12,
  "fields": {
    "questionSet": 1,
    "ordinal": 11,
    "text": "...you did things that were unusual for you or that other people might have thought were excessive, foolish or risky?"
  }
},
{
  "model": "questionnaire.question",
  "pk": 13,
  "fields": {
    "questionSet": 1,
    "ordinal": 12,
    "text": "...spending money got you or your family in trouble?"
  }
},
{
  "model": "questionnaire.question",
  "pk": 14,
  "fields": {
    "questionSet": 2,
    "ordinal": 0,
    "text": "If you checked YES to more than one of the above, have several of these ever happened during the same period of time?"
  }
},
{
  "model": "questionnaire.question",
  "pk": 15,
  "fields": {
    "questionSet": 3,
    "ordinal": 0,
    "text": "How much of a problem did any of these cause you -- like being unable to work; having family, money or legal troubles; getting into arguments or fights?"
  }
},
{
  "model": "questionnaire.question",
  "pk": 16,
  "fields": {
    "questionSet": 4,
    "ordinal": 0,
    "text": "Little interest or pleasure in doing things"
  }
},
{
  "model": "questionnaire.question",
  "pk": 17,
  "fields": {
    "questionSet": 4,
    "ordinal": 1,
    "text": "Feeling down, depressed, or hopeless"
  }
},
{
  "model": "questionnaire.question",
  "pk": 18,
  "fields": {
    "questionSet": 4,
    "ordinal": 2,
    "text": "Trouble falling or staying asleep, or sleeping too much"
  }
},
{
  "model": "questionnaire.question",
  "pk": 19,
  "fields": {
    "questionSet": 4,
    "ordinal": 3,
    "text": "Feeling tired or having little energy"
  }
},
{
  "model": "questionnaire.question",
  "pk": 20,
  "fields": {
    "questionSet": 4,
    "ordinal": 4,
    "text": "Poor appetite or overeating"
  }
},
{
  "model": "questionnaire.question",
  "pk": 21,
  "fields": {
    "questionSet": 4,
    "ordinal": 5,
    "text": "Feeling bad about yourself -- or that you are a failure or have let yourself or your family down"
  }
},
{
  "model": "questionnaire.question",
  "pk": 22,
  "fields": {
    "questionSet": 4,
    "ordinal": 6,
    "text": "Trouble concentrating on things, such as reading the newspaper or watching television"
  }
},
{
  "model": "questionnaire.question",
  "pk": 23,
  "fields": {
    "questionSet": 4,
    "ordinal": 7,
    "text": "Moving or speaking so slowly that other people could have noticed.  Or the opposite -- being so figety or restless that you have been moving around a lot more than usual"
  }
},
{
  "model": "questionnaire.question",
  "pk": 24,
  "fields": {
    "questionSet": 4,
    "ordinal": 8,
    "text": "Thoughts that you would be better off dead, or of hurting yourself"
  }
},
{
  "model": "questionnaire.question",
  "pk": 25,
  "fields": {
    "questionSet": 5,
    "ordinal": 0,
    "text": "If you checked off any problems, how difficult have these problems made it for you to do your work, take care of things at home, or get along with other people?"
  }
},
{
  "model": "questionnaire.answer",
  "pk": 1,
  "fields": {
    "questionSet": 1,
    "ordinal": 0,
    "text": "No"
  }
},
{
  "model": "questionnaire.answer",
  "pk": 2,
  "fields": {
    "questionSet": 1,
    "ordinal": 1,
    "text": "Yes"
  }
},
{
  "model": "questionnaire.answer",
  "pk": 3,
  "fields": {
    "questionSet": 2,
    "ordinal": 0,
    "text": "No"
  }
},
{
  "model": "questionnaire.answer",
  "pk": 4,
  "fields": {
    "questionSet": 2,
    "ordinal": 1,
    "text": "Yes"
  }
},
{
  "model": "questionnaire.answer",
  "pk": 5,
  "fields": {
    "questionSet": 3,
    "ordinal": 0,
    "text": "No problems"
  }
},
{
  "model": "questionnaire.answer",
  "pk": 6,
  "fields": {
    "questionSet": 3,
    "ordinal": 1,
    "text": "Minor problem"
  }
},
{
  "model": "questionnaire.answer",
  "pk": 7,
  "fields": {
    "questionSet": 3,
    "ordinal": 2,
    "text": "Moderate problem"
  }
},
{
  "model": "questionnaire.answer",
  "pk": 8,
  "fields": {
    "questionSet": 3,
    "ordinal": 3,
    "text": "Serious problem"
  }
},
{
  "model": "questionnaire.answer",
  "pk": 9,
  "fields": {
    "questionSet": 4,
    "ordinal": 0,
    "text": "Not at all"
  }
},
{
  "model": "questionnaire.answer",
  "pk": 10,
  "fields": {
    "questionSet": 4,
    "ordinal": 1,
    "text": "Several days"
  }
},
{
  "model": "questionnaire.answer",
  "pk": 11,
  "fields": {
    "questionSet": 4,
    "ordinal": 2,
    "text": "More than half the days"
  }
},
{
  "model": "questionnaire.answer",
  "pk": 12,
  "fields": {
    "questionSet": 4,
    "ordinal": 3,
    "text": "Nearly every day"
  }
},
{
  "model": "questionnaire.answer",
  "pk": 13,
  "fields": {
    "questionSet": 5,
    "ordinal": 0,
    "text": "Not difficult at all"
  }
},
{
  "model": "questionnaire.answer",
  "pk": 14,
  "fields": {
    "questionSet": 5,
    "ordinal": 1,
    "text": "Somewhat difficult"
  }
},
{
  "model": "questionnaire.answer",
  "pk": 15,
  "fields": {
    "questionSet": 5,
    "ordinal": 2,
    "text": "Very difficult"
  }
},
{
  "model": "questionnaire.answer",
  "pk": 16,
  "fields": {
    "questionSet": 5,
    "ordinal": 3,
    "text": "Extremely difficult"
  }
},
{
  "model": "questionnaire.questionnaireresponse",
  "pk": 1,
  "fields": {
    "patient": 3,
    "questionnaire": 1,
    "date": "2019-04-20T05:43:16.647Z"
  }
},
{
  "model": "questionnaire.questionnaireresponse",
  "pk": 2,
  "fields": {
    "patient": 1,
    "questionnaire": 2,
    "date": "2019-04-20T05:57:34.716Z"
  }
},
{
  "model": "questionnaire.questionsetresponse",
  "pk": 1,
  "fields": {
    "questionnaireResponse": 1,
    "questionSet": 1
  }
},
{
  "model": "questionnaire.questionsetresponse",
  "pk": 2,
  "fields": {
    "questionnaireResponse": 1,
    "questionSet": 2
  }
},
{
  "model": "questionnaire.questionsetresponse",
  "pk": 3,
  "fields": {
    "questionnaireResponse": 1,
    "questionSet": 3
  }
},
{
  "model": "questionnaire.questionsetresponse",
  "pk": 4,
  "fields": {
    "questionnaireResponse": 2,
    "questionSet": 4
  }
},
{
  "model": "questionnaire.questionsetresponse",
  "pk": 5,
  "fields": {
    "questionnaireResponse": 2,
    "questionSet": 5
  }
},
{
  "model": "questionnaire.questionresponse",
  "pk": 1,
  "fields": {
    "questionSetResponse": 1,
    "question": 1,
    "answer": 2
  }
},
{
  "model": "questionnaire.questionresponse",
  "pk": 2,
  "fields": {
    "questionSetResponse": 1,
    "question": 2,
    "answer": 2
  }
},
{
  "model": "questionnaire.questionresponse",
  "pk": 3,
  "fields": {
    "questionSetResponse": 1,
    "question": 3,
    "answer": 2
  }
},
{
  "model": "questionnaire.questionresponse",
  "pk": 4,
  "fields": {
    "questionSetResponse": 1,
    "question": 4,
    "answer": 2
  }
},
{
  "model": "questionnaire.questionresponse",
  "pk": 5,
  "fields": {
    "questionSetResponse": 1,
    "question": 5,
    "answer": 2
  }
},
{
  "model": "questionnaire.questionresponse",
  "pk": 6,
  "fields": {
    "questionSetResponse": 1,
    "question": 6,
    "answer": 2
  }
},
{
  "model": "questionnaire.questionresponse",
  "pk": 7,
  "fields": {
    "questionSetResponse": 1,
    "question": 7,
    "answer": 2
  }
},
{
  "model": "questionnaire.questionresponse",
  "pk": 8,
  "fields": {
    "questionSetResponse": 1,
    "question": 8,
    "answer": 1
  }
},
{
  "model": "questionnaire.questionresponse",
  "pk": 9,
  "fields": {
    "questionSetResponse": 1,
    "question": 9,
    "answer": 1
  }
},
{
  "model": "questionnaire.questionresponse",
  "pk": 10,
  "fields": {
    "questionSetResponse": 1,
    "question": 10,
    "answer": 1
  }
},
{
  "model": "questionnaire.questionresponse",
  "pk": 11,
  "fields": {
    "questionSetResponse": 1,
    "question": 11,
    "answer": 1
  }
},
{
  "model": "questionnaire.questionresponse",
  "pk": 12,
  "fields": {
    "questionSetResponse": 1,
    "question": 12,
    "answer": 1
  }
},
{
  "model": "questionnaire.questionresponse",
  "pk": 13,
  "fields": {
    "questionSetResponse": 1,
    "question": 13,
    "answer": 1
  }
},
{
  "model": "questionnaire.questionresponse",
  "pk": 14,
  "fields": {
    "questionSetResponse": 2,
    "question": 14,
    "answer": 4
  }
},
{
  "model": "questionnaire.questionresponse",
  "pk": 15,
  "fields": {
    "questionSetResponse": 3,
    "question": 15,
    "answer": 7
  }
},
{
  "model": "questionnaire.questionresponse",
  "pk": 16,
  "fields": {
    "questionSetResponse": 4,
    "question": 16,
    "answer": 12
  }
},
{
  "model": "questionnaire.questionresponse",
  "pk": 17,
  "fields": {
    "questionSetResponse": 4,
    "question": 17,
    "answer": 12
  }
},
{
  "model": "questionnaire.questionresponse",
  "pk": 18,
  "fields": {
    "questionSetResponse": 4,
    "question": 18,
    "answer": 12
  }
},
{
  "model": "questionnaire.questionresponse",
  "pk": 19,
  "fields": {
    "questionSetResponse": 4,
    "question": 19,
    "answer": 12
  }
},
{
  "model": "questionnaire.questionresponse",
  "pk": 20,
  "fields": {
    "questionSetResponse": 4,
    "question": 20,
    "answer": 9
  }
},
{
  "model": "questionnaire.questionresponse",
  "pk": 21,
  "fields": {
    "questionSetResponse": 4,
    "question": 21,
    "answer": 12
  }
},
{
  "model": "questionnaire.questionresponse",
  "pk": 22,
  "fields": {
    "questionSetResponse": 4,
    "question": 22,
    "answer": 10
  }
},
{
  "model": "questionnaire.questionresponse",
  "pk": 23,
  "fields": {
    "questionSetResponse": 4,
    "question": 23,
    "answer": 9
  }
},
{
  "model": "questionnaire.questionresponse",
  "pk": 24,
  "fields": {
    "questionSetResponse": 4,
    "question": 24,
    "answer": 9
  }
},
{
  "model": "questionnaire.questionresponse",
  "pk": 25,
  "fields": {
    "questionSetResponse": 5,
    "question": 25,
    "answer": 15
  }
}
]
